seed,authority,T,v_rep1,v_rep2,v_rep3,v_mean_within_disorder,max_half_rel_diff
20271101,lo,0.0025,0.2059658722783304,0.2009281283101079,0.21228738438194633,0.20639379499012822,0.11213510922642338
20271101,lo,0.005,0.21338911988813405,0.21337941706084998,0.2203593086220725,0.21570928185701885,0.14865819463402022
20271101,lo,0.01,0.23633944186219372,0.22105931464853082,0.23175719670834452,0.22971865107302303,0.09578681145449738
20271101,lo,0.02,0.2386324891407194,0.25216981452037207,0.24287408430162397,0.2445587959875718,0.11869358854382075
20271101,lo,0.04,0.2633779835195234,0.27149756577255973,0.260931059247681,0.26526886951325473,0.038484234542152496
20271101,lo,0.08,0.2978718074839839,0.303566361865968,0.30330598066952036,0.30158138333982415,0.016755036442242927
20271101,mid,0.0025,0.2177274667784386,0.1997325882443492,0.21168375858624622,0.2097146045363447,0.030464340979455867
20271101,mid,0.005,0.2135085304385981,0.21338022800992804,0.220642273379215,0.21584367727591372,0.14918268980990423
20271101,mid,0.01,0.23418853055905467,0.237534406543279,0.23181196087806827,0.23451163266013397,0.05838518994090176
20271101,mid,0.02,0.23851496971113778,0.2521335665662443,0.24710057084893655,0.24591636904210623,0.11969332769141838
20271101,mid,0.04,0.2645709452422185,0.27013100617126395,0.27044090951949523,0.26838095364432596,0.058704995964477605
20271101,mid,0.08,0.3080992857472744,0.30354348663372177,0.30332401980403956,0.30498893072834526,0.07447260478193889
20271101,hi,0.0025,0.21767115895005892,0.2129740481377354,0.211640344532676,0.2140951838734901,0.03191058434169533
20271101,hi,0.005,0.213272495395343,0.21336013939541426,0.22095493427198057,0.2158625230209126,0.1521830380507322
20271101,hi,0.01,0.23435051731999101,0.23381403408446597,0.2397592513013498,0.2359746009019356,0.07176513039933055
20271101,hi,0.02,0.24698082459914783,0.2519139120593826,0.24707489231497176,0.24865654299116743,0.04957542115531679
20271101,hi,0.04,0.2624844969888217,0.26907531773285603,0.2704093927849693,0.2673230691688824,0.06762669132739109
20271101,hi,0.08,0.308086263694483,0.30345015483434545,0.3027355318777894,0.30475731680220597,0.07517570883508588
20271102,lo,0.0025,0.2408246730932386,0.2208404444377053,0.24079939051830215,0.23415483601641537,0.19594066400689983
20271102,lo,0.005,0.2501290175326446,0.27129052428026534,0.25148189470911314,0.25763381217400766,0.14590977186783122
20271102,lo,0.01,0.2872353031022387,0.28306239156019414,0.2857490159290632,0.2853489035304987,0.011684071740349017
20271102,lo,0.02,0.3258786124210891,0.3090136976797112,0.3277191400702209,0.3208704833903404,0.11317456078418231
20271102,lo,0.04,0.3668146119469504,0.36538418185181537,0.3814254319419025,0.37120807524688937,0.06723228039301625
20271102,lo,0.08,0.41270336575712596,0.42541136954572567,0.42198953876210604,0.4200347580216526,0.03203401880493568
20271102,mid,0.0025,0.24907881602111562,0.25500977971263117,0.24061517046707823,0.24823458873360835,0.19793691858688817
20271102,mid,0.005,0.2518581649131908,0.2716061341834325,0.25113608125283987,0.2582001267831544,0.11282329563975196
20271102,mid,0.01,0.28756435352423726,0.2827180365950183,0.2854532752329843,0.28524522178407996,0.013796238099849846
20271102,mid,0.02,0.3261382647750466,0.311707539050261,0.3266775792040734,0.32150779434312704,0.09721836783129927
20271102,mid,0.04,0.3675452706431484,0.36550182367947803,0.3814001437817767,0.3714824127014677,0.06749155436086395
20271102,mid,0.08,0.4198833617084357,0.4255330371682513,0.4220342908545808,0.42248356324375597,0.04199782762895047
20271102,hi,0.0025,0.2502956237387024,0.2553125374402935,0.2438127161258613,0.24980695910161907,0.22222277325635384
20271102,hi,0.005,0.25175770997764896,0.27274677885102777,0.2507090347200354,0.2584045078495707,0.08365536133624034
20271102,hi,0.01,0.28843509861018546,0.30787360792150353,0.28520777173058126,0.2938388260874234,0.019244970588312087
20271102,hi,0.02,0.3265456601787363,0.33570466148347355,0.3262347121652548,0.32949501127582154,0.0967720683406628
20271102,hi,0.04,0.36873962711638864,0.3656344059777481,0.38115445592699115,0.3718428296737093,0.06808200808182892
20271102,hi,0.08,0.419711004888518,0.4235597066457247,0.4222774372108476,0.42184938291503005,0.042964331196345226
20271103,lo,0.0025,0.20488811449062697,0.1944186037802096,0.1885716728635721,0.19595946371146955,0.09166517123305845
20271103,lo,0.005,0.2070474889353997,0.20635256550683154,0.2064799146598725,0.2066266563673679,0.0477882915993099
20271103,lo,0.01,0.21625996779383042,0.2126482088574331,0.21262015301123177,0.2138427765541651,0.006156402558312738
20271103,lo,0.02,0.23311740162257374,0.22770147699619647,0.2221651669609005,0.22766134852655692,0.09750843147393355
20271103,lo,0.04,0.24336168738812503,0.24688814613216128,0.23971613989780274,0.243321991139363,0.04492418088168994
20271103,lo,0.08,0.28516291223276785,0.28498679515667863,0.281485652159094,0.2838784531828468,0.03183014372642384
20271103,mid,0.0025,0.20583607734506915,0.20122026182937228,0.19392218457525506,0.20032617458323218,0.05949066073948112
20271103,mid,0.005,0.20675879534688,0.20690274063967595,0.20897357627065105,0.20754503741906902,0.031288730157123405
20271103,mid,0.01,0.21911616700459405,0.21632422937468265,0.21285724062421196,0.21609921233449622,0.02699051749723087
20271103,mid,0.02,0.23354338098261687,0.23274907590191787,0.22124253077857095,0.22917832922103523,0.09856733055976821
20271103,mid,0.04,0.25035257179746645,0.24697712230290406,0.24543261052895035,0.2475874348764403,0.020210711923684104
20271103,mid,0.08,0.2844608363918909,0.28504886122134687,0.2859158276492925,0.28514184175417673,0.029900712800855815
20271103,hi,0.0025,0.2059764383847924,0.205374962055954,0.20832629292198837,0.2065592311209116,0.022876559870821652
20271103,hi,0.005,0.20871612325012498,0.20693261995617143,0.20948671898864782,0.20837848739831474,0.03201830613485342
20271103,hi,0.01,0.21732485003973637,0.2167302510406464,0.21665536942178296,0.21690349016738855,0.04525767586547836
20271103,hi,0.02,0.23284332862867307,0.23437910082979235,0.23218613791958742,0.2331361891260176,0.058872921482794584
20271103,hi,0.04,0.2503969686274646,0.24697975347027956,0.2477275719711091,0.2483680980229511,0.017843373289546372
20271103,hi,0.08,0.28543201752121844,0.28517889320501943,0.28593160879399626,0.2855141731734114,0.028956003062842826
20271104,lo,0.0025,0.2855932504711258,0.28237859446927027,0.27940632531611714,0.2824593900855044,0.03909447806533745
20271104,lo,0.005,0.28716342781863285,0.3023540340009241,0.2838777887811094,0.29113175020022214,0.04401776515731765
20271104,lo,0.01,0.3034670774613686,0.3008661051419953,0.2987765356194247,0.3010365727409295,0.04355330789054724
20271104,lo,0.02,0.3147729899815062,0.3112912841329681,0.31165280837428455,0.3125723608295863,0.07074291286329462
20271104,lo,0.04,0.326111763556242,0.34119613322779707,0.34509845973614,0.3374687855067264,0.035969889633430216
20271104,lo,0.08,0.3714575047472296,0.36368578155679776,0.3661288128874443,0.3670906997304906,0.05161477272057865
20271104,mid,0.0025,0.2857803355760916,0.28236967165215937,0.28731813944877316,0.2851560488923414,0.017837063606080516
20271104,mid,0.005,0.29785332036453865,0.30170171422103603,0.2931946671572857,0.2975832339142868,0.04067607486998211
20271104,mid,0.01,0.30342173080520163,0.3008101945611742,0.29941216917839897,0.3012146981815916,0.04195902415701228
20271104,mid,0.02,0.3146640941260295,0.31127300762517257,0.31673932444792907,0.3142254753997104,0.03809003255546129
20271104,mid,0.04,0.33601597124166216,0.34168813624915045,0.34521842631522565,0.34097417793534607,0.03518137498928729
20271104,mid,0.08,0.37635078912964276,0.36439813454057296,0.3661426005439516,0.36896384140472244,0.07700980049171956
20271104,hi,0.0025,0.2858482472219237,0.28926282370740997,0.28813997408329145,0.2877503483375417,0.02151495515198273
20271104,hi,0.005,0.296430553491172,0.3000907949593624,0.29274538573600606,0.2964222447288468,0.04922058344018671
20271104,hi,0.01,0.30334784105940316,0.29841300807278215,0.3041935436414746,0.30198479759122,0.024897881977967332
20271104,hi,0.02,0.31716524010166575,0.3112708750165278,0.31621267984140355,0.314882931653199,0.06709148368096811
20271104,hi,0.04,0.3363411093007896,0.34038522412495653,0.34523949970430756,0.34065527771001786,0.03504219189636439
20271104,hi,0.08,0.37639009083305563,0.36518729839274566,0.37522030567566245,0.3722658983004879,0.07729500248613352
20271105,lo,0.0025,0.2202942548439437,0.21035867268416697,0.2251195150274251,0.2185908141851786,0.1940528250827066
20271105,lo,0.005,0.22814112566124625,0.2390752662092932,0.2332926555471425,0.23350301580589397,0.05720439856262151
20271105,lo,0.01,0.25305580531068256,0.24818710426870882,0.2520692994801249,0.2511040696865054,0.04063506611416403
20271105,lo,0.02,0.27806379267742254,0.2693076907098903,0.2704683365943868,0.27261327332723323,0.05951419417338016
20271105,lo,0.04,0.30677973747947157,0.3042896044024577,0.30583649433065746,0.30563527873752894,0.05541792079569611
20271105,lo,0.08,0.3460710564836192,0.35580610481779695,0.35140327075986916,0.35109347735376173,0.048557180534565356
20271105,mid,0.0025,0.22004436722029544,0.22527224703694917,0.22685052239117798,0.22405571221614085,0.054606944441514746
20271105,mid,0.005,0.22792241697236185,0.23874835371419506,0.23324617340837434,0.23330564803164378,0.12156946609780926
20271105,mid,0.01,0.2538298406943437,0.25311024022782835,0.24994873870908546,0.2522962732104192,0.022069008802102868
20271105,mid,0.02,0.2780028199634782,0.2692936353903018,0.2731961113482528,0.27349752223401097,0.03462978846196187
20271105,mid,0.04,0.3067211711063894,0.3042335722817727,0.3060767045009682,0.3056771492963768,0.08470214036803757
20271105,mid,0.08,0.3504340104260002,0.3558395341851055,0.35134678020823795,0.35254010827311455,0.04740958604083603
20271105,hi,0.0025,0.22380973529017797,0.23527663774213042,0.23353924123628192,0.23087520475619674,0.08266763149127039
20271105,hi,0.005,0.2315894023637315,0.2407587579613555,0.23223304819057256,0.23486040283855317,0.086545422258744
20271105,hi,0.01,0.25399028966820375,0.2534662255878677,0.2575449604204697,0.2550004918921804,0.03579447673473959
20271105,hi,0.02,0.27734586056734006,0.26965048541765585,0.27901208045173087,0.2753361421455756,0.03383365220679263
20271105,hi,0.04,0.30661935949363384,0.3078503469093418,0.3068762650883441,0.3071153238304399,0.07512447905375016
20271105,hi,0.08,0.3504248780768215,0.3575138769934126,0.35106665907758705,0.3530018047159404,0.045533427029236115
20271106,lo,0.0025,0.21355535906869424,0.20299734312395756,0.21408536302300393,0.2102126884052186,0.04081381679547974
20271106,lo,0.005,0.22917750464207798,0.2359982026778069,0.21330653601373464,0.22616074777787318,0.11885276023612096
20271106,lo,0.01,0.2362206505038441,0.23210494605859075,0.2402628242518339,0.2361961402714229,0.04485906099498359
20271106,lo,0.02,0.23797294445765577,0.256127107010588,0.24830154075591357,0.24746719740805245,0.033508235732891405
20271106,lo,0.04,0.2663684378016747,0.27084664910395634,0.2676225628484472,0.2682792165846927,0.034983134916357454
20271106,lo,0.08,0.31699055566537593,0.30830307820936215,0.3067950033577011,0.3106962124108131,0.007018212934235244
20271106,mid,0.0025,0.213638205354619,0.21598914959502075,0.21348012364054375,0.2143691595300612,0.10630965119176052
20271106,mid,0.005,0.23193114047723895,0.23661332957601589,0.22500524237886527,0.23118323747737338,0.09501652214384365
20271106,mid,0.01,0.23613686650058116,0.2321100409590201,0.2402907668027998,0.2361792247541337,0.07125758096747671
20271106,mid,0.02,0.2459287981052043,0.2558713467303329,0.250768376758056,0.250856173864531,0.05568840683402851
20271106,mid,0.04,0.2841782217319554,0.26857696603662495,0.27969121118883566,0.2774821329858053,0.0521596757687385
20271106,mid,0.08,0.31730151235454956,0.3129949217084375,0.3068283488178059,0.312374927626931,0.02407075939309213
20271106,hi,0.0025,0.22351373106205022,0.21648871559250427,0.22011149146998005,0.22003797937484482,0.11046203064191519
20271106,hi,0.005,0.2291275111238138,0.23651744029927527,0.2230741968243898,0.22957304941582626,0.06330455816512612
20271106,hi,0.01,0.2351107783353589,0.2426165570436491,0.24223735762365353,0.23998823100088718,0.09632757992097751
20271106,hi,0.02,0.24601562322319837,0.2556815567186345,0.25082277625435645,0.25083998539872976,0.0559824647430635
20271106,hi,0.04,0.2842290373267446,0.27494107559089664,0.2797998082804765,0.27965664039937255,0.0970772029272536
20271106,hi,0.08,0.3173643822531642,0.31192805641342564,0.3068859084664052,0.3120594490443317,0.031096639744268302
20271107,lo,0.0025,0.19474779063866152,0.20495321101187083,0.19812675284582443,0.1992759181654523,0.08159525784738664
20271107,lo,0.005,0.20454990775559853,0.20191254349864549,0.2063920074969085,0.2042848195837175,0.06143251136367676
20271107,lo,0.01,0.21180713282613173,0.20841297752881877,0.21169167762411942,0.21063726265968996,0.03711826496583819
20271107,lo,0.02,0.2039714152860132,0.21832414019222648,0.2243090103523279,0.21553485527685587,0.06963731374649546
20271107,lo,0.04,0.22918215668458702,0.2267635294793225,0.22711158923513625,0.22768575846634861,0.13698911766057886
20271107,lo,0.08,0.275144150616073,0.25764534304955256,0.26789727664824664,0.2668955901046241,0.056445620335307915
20271107,mid,0.0025,0.2046920297672074,0.20560848111657642,0.19588733487354063,0.20206261525244149,0.05409319220843783
20271107,mid,0.005,0.20518434178258838,0.20560970542374252,0.2074785024581001,0.20609084988814366,0.07269389480948313
20271107,mid,0.01,0.21184920075508706,0.20842144634987375,0.21179176764145488,0.21068747158213855,0.03638510583750884
20271107,mid,0.02,0.20336645553209529,0.2184580758119035,0.22323609206246825,0.2150202078021557,0.060275099307840724
20271107,mid,0.04,0.22909077137058678,0.22681511910131832,0.23291842776956542,0.22960810608049018,0.13629983064893345
20271107,mid,0.08,0.2689852697243669,0.257627401191256,0.26792435810031745,0.2648456763386468,0.057616451488004664
20271107,hi,0.0025,0.2076393006487166,0.20542759432939148,0.2055963627407118,0.2062210859062733,0.06881853541524909
20271107,hi,0.005,0.20574852385349127,0.20564619604074072,0.207254172949604,0.206216297614612,0.0740945449630575
20271107,hi,0.01,0.21186188718330515,0.20842300754219042,0.21105607076731112,0.21044698849760224,0.035943611637281936
20271107,hi,0.02,0.2033751968639795,0.21844075012952097,0.22313634068167115,0.21498409589172388,0.059368759062215434
20271107,hi,0.04,0.22905672866887067,0.2273300649297531,0.23287404590155145,0.22975361316672507,0.1360773459709879
20271107,hi,0.08,0.2689269814271612,0.26160863568943515,0.2678453219235277,0.26612697968004134,0.08405619485705004
20271108,lo,0.0025,0.19697663292980394,0.19125697108235082,0.19476365206111967,0.1943324186910915,0.056765246909278304
20271108,lo,0.005,0.2006565733221071,0.19730233425357943,0.1951677718906993,0.19770889315546195,0.08788405374773728
20271108,lo,0.01,0.21024670461675543,0.22243396126187995,0.2100165285263661,0.2142323981350005,0.02780820481010407
20271108,lo,0.02,0.21997587042367195,0.22434330048676657,0.22293332540212651,0.222417498770855,0.025379836040965043
20271108,lo,0.04,0.24460631535866378,0.23992583133776235,0.2408555769507515,0.24179590788239255,0.031213893011232646
20271108,lo,0.08,0.2745747346965459,0.26854114893049424,0.2746671526804365,0.27259434543582556,0.030982886825747947
20271108,mid,0.0025,0.19669246362289672,0.1987062315209654,0.19950706090569847,0.19830191868318683,0.0839338473456324
20271108,mid,0.005,0.2007211589502318,0.20105707472751308,0.19839775476959776,0.20005866281578089,0.06691612637628261
20271108,mid,0.01,0.21232704317164833,0.22226979741974331,0.21153901587467494,0.21537861882202222,0.04756520569766049
20271108,mid,0.02,0.2186338701847103,0.22433482326611096,0.22452034938898793,0.22249634761326972,0.04265158793769934
20271108,mid,0.04,0.24462842243583938,0.23994287073377532,0.24080430059629518,0.24179186458863663,0.025300182585804486
20271108,mid,0.08,0.2736851448307514,0.2685241899022049,0.27471536572352623,0.2723082334854942,0.02883772262850683
20271108,hi,0.0025,0.19632839335056992,0.19878272758238233,0.19979377976428617,0.19830163356574615,0.08444911358424743
20271108,hi,0.005,0.20441059325512323,0.20083081799028074,0.2029598407319481,0.20273375065911736,0.06476895883236247
20271108,hi,0.01,0.21287072983341046,0.22208684226919398,0.21687422253805053,0.21727726488021834,0.02607780926186356
20271108,hi,0.02,0.23014644005995716,0.2243217555100501,0.2244535796250583,0.2263072583983552,0.05017038715420758
20271108,hi,0.04,0.24462089418044328,0.24223164730323743,0.23873740114294298,0.24186331420887455,0.0475192821345404
20271108,hi,0.08,0.2759890262597667,0.2678878685737965,0.27471415826576684,0.2728636843664433,0.023365240229722778
