L,M,seed,fc_lo,fc_hi,fc_mid
32,320,20271101,0.821484375,0.8234375,0.8224609375
32,320,20271102,0.895703125,0.89765625,0.8966796875
32,320,20271103,0.753125,0.755078125,0.7541015625
32,320,20271104,0.8546875,0.856640625,0.8556640625
32,320,20271105,0.83125,0.833203125,0.8322265625
32,320,20271106,0.7765625,0.778515625,0.7775390625
32,320,20271107,0.8078125,0.809765625,0.8087890625
32,320,20271108,0.78828125,0.790234375,0.7892578125
64,736,20271101,0.78828125,0.790234375,0.7892578125
64,736,20271102,0.8546875,0.856640625,0.8556640625
64,736,20271103,0.7921875,0.794140625,0.7931640625
64,736,20271104,0.805859375,0.8078125,0.8068359375
64,736,20271105,0.817578125,0.81953125,0.8185546875
64,736,20271106,0.77265625,0.774609375,0.7736328125
64,736,20271107,0.846875,0.848828125,0.8478515625
64,736,20271108,0.87421875,0.876171875,0.8751953125
128,1728,20271101,0.872265625,0.87421875,0.8732421875
128,1728,20271102,0.837109375,0.8390625,0.8380859375
128,1728,20271103,0.833203125,0.83515625,0.8341796875
128,1728,20271104,0.813671875,0.815625,0.8146484375
128,1728,20271105,0.76875,0.770703125,0.7697265625
128,1728,20271106,0.778515625,0.78046875,0.7794921875
128,1728,20271107,0.813671875,0.815625,0.8146484375
128,1728,20271108,0.821484375,0.8234375,0.8224609375
256,4096,20271101,0.82734375,0.829296875,0.8283203125
256,4096,20271102,0.82734375,0.829296875,0.8283203125
256,4096,20271103,0.817578125,0.81953125,0.8185546875
256,4096,20271104,0.837109375,0.8390625,0.8380859375
256,4096,20271105,0.8,0.801953125,0.8009765625
256,4096,20271106,0.817578125,0.81953125,0.8185546875
256,4096,20271107,0.813671875,0.815625,0.8146484375
256,4096,20271108,0.78828125,0.790234375,0.7892578125
32,320,20271109,0.940625,0.942578125,0.9416015625
32,320,20271110,0.899609375,0.9015625,0.9005859375
32,320,20271111,0.7609375,0.762890625,0.7619140625
32,320,20271112,0.821484375,0.8234375,0.8224609375
32,320,20271113,0.946484375,0.9484375,0.9474609375
32,320,20271114,0.821484375,0.8234375,0.8224609375
32,320,20271115,0.786328125,0.78828125,0.7873046875
32,320,20271116,0.782421875,0.784375,0.7833984375
32,320,20271117,0.778515625,0.78046875,0.7794921875
32,320,20271118,0.925,0.926953125,0.9259765625
32,320,20271119,0.83125,0.833203125,0.8322265625
32,320,20271120,0.79609375,0.798046875,0.7970703125
32,320,20271121,0.778515625,0.78046875,0.7794921875
32,320,20271122,0.8,0.801953125,0.8009765625
32,320,20271123,0.735546875,0.7375,0.7365234375
32,320,20271124,0.829296875,0.83125,0.8302734375
64,736,20271109,0.841015625,0.84296875,0.8419921875
64,736,20271110,0.774609375,0.7765625,0.7755859375
64,736,20271111,0.821484375,0.8234375,0.8224609375
64,736,20271112,0.825390625,0.82734375,0.8263671875
64,736,20271113,0.8234375,0.825390625,0.8244140625
64,736,20271114,0.815625,0.817578125,0.8166015625
64,736,20271115,0.84296875,0.844921875,0.8439453125
64,736,20271116,0.782421875,0.784375,0.7833984375
64,736,20271117,0.76484375,0.766796875,0.7658203125
64,736,20271118,0.841015625,0.84296875,0.8419921875
64,736,20271119,0.813671875,0.815625,0.8146484375
64,736,20271120,0.86640625,0.868359375,0.8673828125
64,736,20271121,0.81953125,0.821484375,0.8205078125
64,736,20271122,0.821484375,0.8234375,0.8224609375
64,736,20271123,0.84296875,0.844921875,0.8439453125
64,736,20271124,0.798046875,0.8,0.7990234375
128,1728,20271109,0.8234375,0.825390625,0.8244140625
128,1728,20271110,0.915234375,0.9171875,0.9162109375
128,1728,20271111,0.815625,0.817578125,0.8166015625
128,1728,20271112,0.809765625,0.81171875,0.8107421875
128,1728,20271113,0.8390625,0.841015625,0.8400390625
128,1728,20271114,0.81953125,0.821484375,0.8205078125
128,1728,20271115,0.82734375,0.829296875,0.8283203125
128,1728,20271116,0.798046875,0.8,0.7990234375
128,1728,20271117,0.815625,0.817578125,0.8166015625
128,1728,20271118,0.82734375,0.829296875,0.8283203125
128,1728,20271119,0.848828125,0.85078125,0.8498046875
128,1728,20271120,0.782421875,0.784375,0.7833984375
128,1728,20271121,0.829296875,0.83125,0.8302734375
128,1728,20271122,0.80390625,0.805859375,0.8048828125
128,1728,20271123,0.833203125,0.83515625,0.8341796875
128,1728,20271124,0.817578125,0.81953125,0.8185546875
256,4096,20271109,0.84296875,0.844921875,0.8439453125
256,4096,20271110,0.813671875,0.815625,0.8146484375
256,4096,20271111,0.815625,0.817578125,0.8166015625
256,4096,20271112,0.801953125,0.80390625,0.8029296875
256,4096,20271113,0.809765625,0.81171875,0.8107421875
256,4096,20271114,0.821484375,0.8234375,0.8224609375
256,4096,20271115,0.829296875,0.83125,0.8302734375
256,4096,20271116,0.829296875,0.83125,0.8302734375
256,4096,20271117,0.79609375,0.798046875,0.7970703125
256,4096,20271118,0.809765625,0.81171875,0.8107421875
256,4096,20271119,0.813671875,0.815625,0.8146484375
256,4096,20271120,0.813671875,0.815625,0.8146484375
256,4096,20271121,0.821484375,0.8234375,0.8224609375
256,4096,20271122,0.815625,0.817578125,0.8166015625
256,4096,20271123,0.81953125,0.821484375,0.8205078125
256,4096,20271124,0.815625,0.817578125,0.8166015625
256,4096,20271144,0.833203125,0.83515625,0.8341796875
256,4096,20271145,0.817578125,0.81953125,0.8185546875
256,4096,20271146,0.8078125,0.809765625,0.8087890625
256,4096,20271147,0.801953125,0.80390625,0.8029296875
256,4096,20271148,0.813671875,0.815625,0.8146484375
32,320,20271125,0.83515625,0.837109375,0.8361328125
32,320,20271126,0.7296875,0.731640625,0.7306640625
32,320,20271127,0.6984375,0.700390625,0.6994140625
32,320,20271128,0.876171875,0.878125,0.8771484375
32,320,20271129,0.805859375,0.8078125,0.8068359375
32,320,20271130,0.72578125,0.727734375,0.7267578125
32,320,20271131,0.846875,0.848828125,0.8478515625
32,320,20271132,0.821484375,0.8234375,0.8224609375
32,320,20271133,0.774609375,0.7765625,0.7755859375
32,320,20271134,0.778515625,0.78046875,0.7794921875
32,320,20271135,0.872265625,0.87421875,0.8732421875
32,320,20271136,0.876171875,0.878125,0.8771484375
32,320,20271137,0.821484375,0.8234375,0.8224609375
32,320,20271138,0.794140625,0.79609375,0.7951171875
32,320,20271139,0.969921875,0.971875,0.9708984375
32,320,20271140,0.880078125,0.88203125,0.8810546875
32,320,20271141,0.76875,0.770703125,0.7697265625
32,320,20271142,0.9171875,0.919140625,0.9181640625
32,320,20271143,0.872265625,0.87421875,0.8732421875
32,320,20271144,0.883984375,0.8859375,0.8849609375
32,320,20271145,0.721875,0.723828125,0.7228515625
32,320,20271146,0.751171875,0.753125,0.7521484375
32,320,20271147,0.801953125,0.80390625,0.8029296875
32,320,20271148,0.72578125,0.727734375,0.7267578125
64,736,20271125,0.81171875,0.813671875,0.8126953125
64,736,20271126,0.829296875,0.83125,0.8302734375
64,736,20271127,0.778515625,0.78046875,0.7794921875
64,736,20271128,0.798046875,0.8,0.7990234375
64,736,20271129,0.825390625,0.82734375,0.8263671875
64,736,20271130,0.78828125,0.790234375,0.7892578125
64,736,20271131,0.852734375,0.8546875,0.8537109375
64,736,20271132,0.88984375,0.891796875,0.8908203125
64,736,20271133,0.8546875,0.856640625,0.8556640625
64,736,20271134,0.778515625,0.78046875,0.7794921875
64,736,20271135,0.915234375,0.9171875,0.9162109375
64,736,20271136,0.8390625,0.841015625,0.8400390625
64,736,20271137,0.83515625,0.837109375,0.8361328125
64,736,20271138,0.817578125,0.81953125,0.8185546875
64,736,20271139,0.80390625,0.805859375,0.8048828125
64,736,20271140,0.85859375,0.860546875,0.8595703125
64,736,20271141,0.79609375,0.798046875,0.7970703125
64,736,20271142,0.829296875,0.83125,0.8302734375
64,736,20271143,0.864453125,0.86640625,0.8654296875
64,736,20271144,0.76875,0.770703125,0.7697265625
64,736,20271145,0.813671875,0.815625,0.8146484375
64,736,20271146,0.78046875,0.782421875,0.7814453125
64,736,20271147,0.878125,0.880078125,0.8791015625
64,736,20271148,0.817578125,0.81953125,0.8185546875
128,1728,20271125,0.825390625,0.82734375,0.8263671875
128,1728,20271126,0.809765625,0.81171875,0.8107421875
128,1728,20271127,0.82734375,0.829296875,0.8283203125
128,1728,20271128,0.81171875,0.813671875,0.8126953125
128,1728,20271129,0.81171875,0.813671875,0.8126953125
128,1728,20271130,0.8,0.801953125,0.8009765625
128,1728,20271131,0.83515625,0.837109375,0.8361328125
128,1728,20271132,0.7921875,0.794140625,0.7931640625
128,1728,20271133,0.81171875,0.813671875,0.8126953125
128,1728,20271134,0.821484375,0.8234375,0.8224609375
128,1728,20271135,0.85859375,0.860546875,0.8595703125
128,1728,20271136,0.81953125,0.821484375,0.8205078125
128,1728,20271137,0.833203125,0.83515625,0.8341796875
128,1728,20271138,0.856640625,0.85859375,0.8576171875
128,1728,20271139,0.852734375,0.8546875,0.8537109375
128,1728,20271140,0.846875,0.848828125,0.8478515625
128,1728,20271141,0.809765625,0.81171875,0.8107421875
128,1728,20271142,0.860546875,0.8625,0.8615234375
128,1728,20271143,0.798046875,0.8,0.7990234375
128,1728,20271144,0.821484375,0.8234375,0.8224609375
128,1728,20271145,0.77265625,0.774609375,0.7736328125
128,1728,20271146,0.837109375,0.8390625,0.8380859375
128,1728,20271147,0.786328125,0.78828125,0.7873046875
128,1728,20271148,0.83125,0.833203125,0.8322265625
256,4096,20271125,0.8390625,0.841015625,0.8400390625
256,4096,20271126,0.837109375,0.8390625,0.8380859375
256,4096,20271127,0.84296875,0.844921875,0.8439453125
256,4096,20271128,0.8078125,0.809765625,0.8087890625
256,4096,20271129,0.868359375,0.8703125,0.8693359375
256,4096,20271130,0.815625,0.817578125,0.8166015625
256,4096,20271131,0.80390625,0.805859375,0.8048828125
256,4096,20271132,0.809765625,0.81171875,0.8107421875
256,4096,20271133,0.82734375,0.829296875,0.8283203125
256,4096,20271134,0.82734375,0.829296875,0.8283203125
256,4096,20271135,0.82734375,0.829296875,0.8283203125
256,4096,20271136,0.829296875,0.83125,0.8302734375
256,4096,20271137,0.794140625,0.79609375,0.7951171875
256,4096,20271138,0.83125,0.833203125,0.8322265625
256,4096,20271139,0.833203125,0.83515625,0.8341796875
256,4096,20271140,0.8390625,0.841015625,0.8400390625
256,4096,20271141,0.825390625,0.82734375,0.8263671875
256,4096,20271142,0.83125,0.833203125,0.8322265625
256,4096,20271143,0.8390625,0.841015625,0.8400390625
